{
  "hcp": {}, 
  "fcc": {
    "100": {
      "bridge": {
        "x2y1": [
          0.6666666666666666, 
          0.16666666666666666
        ], 
        "x2y0": [
          0.5, 
          0.0
        ], 
        "x2y3": [
          0.6666666666666666, 
          0.5
        ], 
        "x2y2": [
          0.5, 
          0.3333333333333333
        ], 
        "x2y5": [
          0.6666666666666666, 
          0.8333333333333334
        ], 
        "x2y4": [
          0.5, 
          0.6666666666666666
        ], 
        "x2y6": [
          0.5, 
          1.0
        ], 
        "x1y2": [
          0.16666666666666666, 
          0.3333333333333333
        ], 
        "x1y3": [
          0.3333333333333333, 
          0.5
        ], 
        "x1y0": [
          0.16666666666666666, 
          0.0
        ], 
        "x1y1": [
          0.3333333333333333, 
          0.16666666666666666
        ], 
        "x0y3": [
          0.0, 
          0.5
        ], 
        "x1y4": [
          0.16666666666666666, 
          0.6666666666666666
        ], 
        "x1y5": [
          0.3333333333333333, 
          0.8333333333333334
        ], 
        "x0y5": [
          0.0, 
          0.8333333333333334
        ], 
        "x3y4": [
          0.8333333333333334, 
          0.6666666666666666
        ], 
        "x3y5": [
          1.0, 
          0.8333333333333334
        ], 
        "x3y6": [
          0.8333333333333334, 
          1.0
        ], 
        "x3y0": [
          0.8333333333333334, 
          0.0
        ], 
        "x3y1": [
          1.0, 
          0.16666666666666666
        ], 
        "x3y2": [
          0.8333333333333334, 
          0.3333333333333333
        ], 
        "x3y3": [
          1.0, 
          0.5
        ], 
        "x1y6": [
          0.16666666666666666, 
          1.0
        ], 
        "x0y1": [
          0.0, 
          0.16666666666666666
        ]
      }, 
      "atop": {
        "x1y2": [
          0.3333333333333333, 
          0.6666666666666666
        ], 
        "x1y3": [
          0.3333333333333333, 
          1.0
        ], 
        "x1y0": [
          0.3333333333333333, 
          0.0
        ], 
        "x1y1": [
          0.3333333333333333, 
          0.3333333333333333
        ], 
        "x0y3": [
          0.0, 
          1.0
        ], 
        "x0y2": [
          0.0, 
          0.6666666666666666
        ], 
        "x0y1": [
          0.0, 
          0.3333333333333333
        ], 
        "x0y0": [
          0.0, 
          0.0
        ], 
        "x3y0": [
          1.0, 
          0.0
        ], 
        "x3y1": [
          1.0, 
          0.3333333333333333
        ], 
        "x3y2": [
          1.0, 
          0.6666666666666666
        ], 
        "x3y3": [
          1.0, 
          1.0
        ], 
        "x2y1": [
          0.6666666666666666, 
          0.3333333333333333
        ], 
        "x2y0": [
          0.6666666666666666, 
          0.0
        ], 
        "x2y3": [
          0.6666666666666666, 
          1.0
        ], 
        "x2y2": [
          0.6666666666666666, 
          0.6666666666666666
        ]
      }, 
      "4fold": {
        "x2y1": [
          0.5, 
          0.16666666666666666
        ], 
        "x1y2": [
          0.16666666666666666, 
          0.5
        ], 
        "x2y3": [
          0.5, 
          0.8333333333333334
        ], 
        "x1y1": [
          0.16666666666666666, 
          0.16666666666666666
        ], 
        "x2y2": [
          0.5, 
          0.5
        ], 
        "x1y3": [
          0.16666666666666666, 
          0.8333333333333334
        ], 
        "x3y1": [
          0.8333333333333334, 
          0.16666666666666666
        ], 
        "x3y2": [
          0.8333333333333334, 
          0.5
        ], 
        "x3y3": [
          0.8333333333333334, 
          0.8333333333333334
        ]
      }
    }, 
    "111": {
      "bridge": {
        "x2y1": [
          0.5, 
          0.16666666666666666
        ], 
        "x1y2": [
          0.16666666666666666, 
          0.5
        ], 
        "x2y3": [
          0.5, 
          0.8333333333333334
        ], 
        "x1y1": [
          0.16666666666666666, 
          0.16666666666666666
        ], 
        "x2y2": [
          0.5, 
          0.5
        ], 
        "x1y3": [
          0.16666666666666666, 
          0.8333333333333334
        ], 
        "x3y1": [
          0.8333333333333334, 
          0.16666666666666666
        ], 
        "x3y2": [
          0.8333333333333334, 
          0.5
        ], 
        "x3y3": [
          0.8333333333333334, 
          0.8333333333333334
        ]
      }, 
      "atop": {
        "x1y2": [
          0.3333333333333333, 
          0.6666666666666666
        ], 
        "x1y3": [
          0.3333333333333333, 
          1.0
        ], 
        "x1y0": [
          0.3333333333333333, 
          0.0
        ], 
        "x1y1": [
          0.3333333333333333, 
          0.3333333333333333
        ], 
        "x0y3": [
          0.0, 
          1.0
        ], 
        "x0y2": [
          0.0, 
          0.6666666666666666
        ], 
        "x0y1": [
          0.0, 
          0.3333333333333333
        ], 
        "x0y0": [
          0.0, 
          0.0
        ], 
        "x3y0": [
          1.0, 
          0.0
        ], 
        "x3y1": [
          1.0, 
          0.3333333333333333
        ], 
        "x3y2": [
          1.0, 
          0.6666666666666666
        ], 
        "x3y3": [
          1.0, 
          1.0
        ], 
        "x2y1": [
          0.6666666666666666, 
          0.3333333333333333
        ], 
        "x2y0": [
          0.6666666666666666, 
          0.0
        ], 
        "x2y3": [
          0.6666666666666666, 
          1.0
        ], 
        "x2y2": [
          0.6666666666666666, 
          0.6666666666666666
        ]
      }, 
      "fcc": {
        "x2y1": [
          0.4444444444444444, 
          0.1111111111111111
        ], 
        "x1y2": [
          0.1111111111111111, 
          0.4444444444444444
        ], 
        "x2y3": [
          0.4444444444444444, 
          0.7777777777777778
        ], 
        "x1y1": [
          0.1111111111111111, 
          0.1111111111111111
        ], 
        "x2y2": [
          0.4444444444444444, 
          0.4444444444444444
        ], 
        "x1y3": [
          0.1111111111111111, 
          0.7777777777777778
        ], 
        "x3y1": [
          0.7777777777777778, 
          0.1111111111111111
        ], 
        "x3y2": [
          0.7777777777777778, 
          0.4444444444444444
        ], 
        "x3y3": [
          0.7777777777777778, 
          0.7777777777777778
        ]
      }, 
      "hcp": {
        "x2y1": [
          0.5555555555555556, 
          0.2222222222222222
        ], 
        "x1y2": [
          0.2222222222222222, 
          0.5555555555555556
        ], 
        "x2y3": [
          0.5555555555555556, 
          0.8888888888888888
        ], 
        "x1y1": [
          0.2222222222222222, 
          0.2222222222222222
        ], 
        "x2y2": [
          0.5555555555555556, 
          0.5555555555555556
        ], 
        "x1y3": [
          0.2222222222222222, 
          0.8888888888888888
        ], 
        "x3y1": [
          0.8888888888888888, 
          0.2222222222222222
        ], 
        "x3y2": [
          0.8888888888888888, 
          0.5555555555555556
        ], 
        "x3y3": [
          0.8888888888888888, 
          0.8888888888888888
        ]
      }
    }
  }, 
  "bcc": {}
}
